{
  "project_info": {
    "project_number": "1019816715366",
    "project_id": "eminder-application",
    "storage_bucket": "eminder-application.appspot.com"
  },
  "client": [
    {
      "client_info": {
        "mobilesdk_app_id": "1:1019816715366:android:f0d280f9fd7fcda97db9a7",
        "android_client_info": {
          "package_name": "com.example.eminderapplication"
        }
      },
      "oauth_client": [
        {
          "client_id": "1019816715366-dcf4gd4a3dpf337cvc6r1j77tic1goml.apps.googleusercontent.com",
          "client_type": 3
        }
      ],
      "api_key": [
        {
          "current_key": "AIzaSyA1YWITZE3BXj62wasGGhitxCyu1gp0cW4"
        }
      ],
      "services": {
        "appinvite_service": {
          "other_platform_oauth_client": [
            {
              "client_id": "1019816715366-dcf4gd4a3dpf337cvc6r1j77tic1goml.apps.googleusercontent.com",
              "client_type": 3
            }
          ]
        }
      }
    }
  ],
  "configuration_version": "1"
}